{
"@comment": "This file was generated by tools/gen_asset_list.cpp. When renaming a file, either change its name in this file directly, or regenerate this file using that script.",

"levels/intro/0.rgba16.png": [32,32,2048,{"jp":[2524448,32416],"us":[2532256,32416],"eu":[2401056,32416],"sh":[2377888,32416]}],
"levels/intro/1.rgba16.png": [32,32,2048,{"jp":[2524448,34464],"us":[2532256,34464],"eu":[2401056,34464],"sh":[2377888,34464]}],
"levels/intro/2_copyright.rgba16.png": [128,16,4096,{"jp":[2524448,46240],"us":[2532256,46240]}],
"levels/intro/3_tm.rgba16.png": [16,16,512,{"jp":[2524448,50336],"us":[2532256,50336]}],

"levels/castle_grounds/0.rgba16.png": [32,64,4096,{"jp":[4492416,0],"us":[4500416,0],"eu":[4374016,0],"sh":[4348384,0]}],
"levels/castle_grounds/1.rgba16.png": [64,32,4096,{"jp":[4492416,4096],"us":[4500416,4096],"eu":[4374016,4096],"sh":[4348384,4096]}],
"levels/castle_grounds/2.rgba16.png": [64,32,4096,{"jp":[4492416,8192],"us":[4500416,8192],"eu":[4374016,8192],"sh":[4348384,8192]}],

"actors/tree/palm_tree.rgba16.png": [32,64,4096,{"jp":[2094912,205336],"us":[2102288,205336],"eu":[1974256,205336],"sh":[1950768,205336]}],
"actors/tree/pine_tree.rgba16.png": [32,64,4096,{"jp":[2094912,196448],"us":[2102288,196448],"eu":[1974256,196448],"sh":[1950768,196448]}],
"actors/tree/snowy_pine_tree.rgba16.png": [32,64,4096,{"jp":[2094912,200776],"us":[2102288,200776],"eu":[1974256,200776],"sh":[1950768,200776]}],
"actors/tree/tree_left_side.rgba16.png": [32,64,4096,{"jp":[2094912,187944],"us":[2102288,187944],"eu":[1974256,187944],"sh":[1950768,187944]}],
"actors/tree/tree_right_side.rgba16.png": [32,64,4096,{"jp":[2094912,192040],"us":[2102288,192040],"eu":[1974256,192040],"sh":[1950768,192040]}],

"textures/intro_raw/mario_face_shine.ia8.png": [32,32,1024,{"jp":[2503888],"us":[2511696],"eu":[2380496],"sh":[2357264]}],
"textures/intro_raw/red_star_0.rgba16.png": [32,32,2048,{"jp":[2457352],"us":[2465160],"eu":[2333960],"sh":[2310728]}],
"textures/intro_raw/red_star_1.rgba16.png": [32,32,2048,{"jp":[2459400],"us":[2467208],"eu":[2336008],"sh":[2312776]}],
"textures/intro_raw/red_star_2.rgba16.png": [32,32,2048,{"jp":[2461448],"us":[2469256],"eu":[2338056],"sh":[2314824]}],
"textures/intro_raw/red_star_3.rgba16.png": [32,32,2048,{"jp":[2463496],"us":[2471304],"eu":[2340104],"sh":[2316872]}],
"textures/intro_raw/red_star_4.rgba16.png": [32,32,2048,{"jp":[2465544],"us":[2473352],"eu":[2342152],"sh":[2318920]}],
"textures/intro_raw/red_star_5.rgba16.png": [32,32,2048,{"jp":[2467592],"us":[2475400],"eu":[2344200],"sh":[2320968]}],
"textures/intro_raw/red_star_6.rgba16.png": [32,32,2048,{"jp":[2469640],"us":[2477448],"eu":[2346248],"sh":[2323016]}],
"textures/intro_raw/red_star_7.rgba16.png": [32,32,2048,{"jp":[2471688],"us":[2479496],"eu":[2348296],"sh":[2325064]}],
"textures/intro_raw/sparkle_0.rgba16.png": [32,32,2048,{"jp":[2490888],"us":[2498696],"eu":[2367496],"sh":[2344264]}],
"textures/intro_raw/sparkle_1.rgba16.png": [32,32,2048,{"jp":[2492936],"us":[2500744],"eu":[2369544],"sh":[2346312]}],
"textures/intro_raw/sparkle_2.rgba16.png": [32,32,2048,{"jp":[2494984],"us":[2502792],"eu":[2371592],"sh":[2348360]}],
"textures/intro_raw/sparkle_3.rgba16.png": [32,32,2048,{"jp":[2497032],"us":[2504840],"eu":[2373640],"sh":[2350408]}],
"textures/intro_raw/sparkle_4.rgba16.png": [32,32,2048,{"jp":[2499080],"us":[2506888],"eu":[2375688],"sh":[2352456]}],
"textures/intro_raw/white_star_0.rgba16.png": [32,32,2048,{"jp":[2473736],"us":[2481544],"eu":[2350344],"sh":[2327112]}],
"textures/intro_raw/white_star_1.rgba16.png": [32,32,2048,{"jp":[2475784],"us":[2483592],"eu":[2352392],"sh":[2329160]}],
"textures/intro_raw/white_star_2.rgba16.png": [32,32,2048,{"jp":[2477832],"us":[2485640],"eu":[2354440],"sh":[2331208]}],
"textures/intro_raw/white_star_3.rgba16.png": [32,32,2048,{"jp":[2479880],"us":[2487688],"eu":[2356488],"sh":[2333256]}],
"textures/intro_raw/white_star_4.rgba16.png": [32,32,2048,{"jp":[2481928],"us":[2489736],"eu":[2358536],"sh":[2335304]}],
"textures/intro_raw/white_star_5.rgba16.png": [32,32,2048,{"jp":[2483976],"us":[2491784],"eu":[2360584],"sh":[2337352]}],
"textures/intro_raw/white_star_6.rgba16.png": [32,32,2048,{"jp":[2486024],"us":[2493832],"eu":[2362632],"sh":[2339400]}],
"textures/intro_raw/white_star_7.rgba16.png": [32,32,2048,{"jp":[2488072],"us":[2495880],"eu":[2364680],"sh":[2341448]}],

"textures/title_screen_bg/title_screen_bg.001C0.rgba16.png": [80,20,3200,{"jp":[2550336,448],"us":[2558144,448],"eu":[2426672,448],"sh":[2403488,448]}],
"textures/title_screen_bg/title_screen_bg.00E40.rgba16.png": [80,20,3200,{"jp":[2550336,3648],"us":[2558144,3648],"eu":[2426672,3648],"sh":[2403488,3648]}],
"textures/title_screen_bg/title_screen_bg.01AC0.rgba16.png": [80,20,3200,{"jp":[2550336,6848],"us":[2558144,6848],"eu":[2426672,6848],"sh":[2403488,6848]}],
"textures/title_screen_bg/title_screen_bg.02740.rgba16.png": [80,20,3200,{"jp":[2550336,10048],"us":[2558144,10048],"eu":[2426672,10048],"sh":[2403488,10048]}],

"textures/outside/castle_grounds_textures.00000.rgba16.png": [32,32,2048,{"jp":[3527344,0],"us":[3534096,0],"eu":[3407696,0],"sh":[3382064,0]}],
"textures/outside/castle_grounds_textures.00800.rgba16.png": [32,32,2048,{"jp":[3527344,2048],"us":[3534096,2048],"eu":[3407696,2048],"sh":[3382064,2048]}],
"textures/outside/castle_grounds_textures.01000.rgba16.png": [64,32,4096,{"jp":[3527344,4096],"us":[3534096,4096],"eu":[3407696,4096],"sh":[3382064,4096]}],
"textures/outside/castle_grounds_textures.02000.rgba16.png": [32,64,4096,{"jp":[3527344,8192],"us":[3534096,8192],"eu":[3407696,8192],"sh":[3382064,8192]}],
"textures/outside/castle_grounds_textures.03000.rgba16.png": [32,32,2048,{"jp":[3527344,12288],"us":[3534096,12288],"eu":[3407696,12288],"sh":[3382064,12288]}],
"textures/outside/castle_grounds_textures.03800.rgba16.png": [32,32,2048,{"jp":[3527344,14336],"us":[3534096,14336],"eu":[3407696,14336],"sh":[3382064,14336]}],
"textures/outside/castle_grounds_textures.04000.rgba16.png": [32,32,2048,{"jp":[3527344,16384],"us":[3534096,16384],"eu":[3407696,16384],"sh":[3382064,16384]}],
"textures/outside/castle_grounds_textures.04800.rgba16.png": [32,64,4096,{"jp":[3527344,18432],"us":[3534096,18432],"eu":[3407696,18432],"sh":[3382064,18432]}],
"textures/outside/castle_grounds_textures.05800.rgba16.png": [32,32,2048,{"jp":[3527344,22528],"us":[3534096,22528],"eu":[3407696,22528],"sh":[3382064,22528]}],
"textures/outside/castle_grounds_textures.06000.rgba16.png": [32,32,2048,{"jp":[3527344,24576],"us":[3534096,24576],"eu":[3407696,24576],"sh":[3382064,24576]}],
"textures/outside/castle_grounds_textures.06800.rgba16.png": [64,32,4096,{"jp":[3527344,26624],"us":[3534096,26624],"eu":[3407696,26624],"sh":[3382064,26624]}],
"textures/outside/castle_grounds_textures.07800.rgba16.png": [32,32,2048,{"jp":[3527344,30720],"us":[3534096,30720],"eu":[3407696,30720],"sh":[3382064,30720]}],
"textures/outside/castle_grounds_textures.08000.rgba16.png": [32,32,2048,{"jp":[3527344,32768],"us":[3534096,32768],"eu":[3407696,32768],"sh":[3382064,32768]}],
"textures/outside/castle_grounds_textures.08800.rgba16.png": [32,32,2048,{"jp":[3527344,34816],"us":[3534096,34816],"eu":[3407696,34816],"sh":[3382064,34816]}],
"textures/outside/castle_grounds_textures.09000.rgba16.png": [32,32,2048,{"jp":[3527344,36864],"us":[3534096,36864],"eu":[3407696,36864],"sh":[3382064,36864]}],
"textures/outside/castle_grounds_textures.09800.rgba16.png": [32,32,2048,{"jp":[3527344,38912],"us":[3534096,38912],"eu":[3407696,38912],"sh":[3382064,38912]}],
"textures/outside/castle_grounds_textures.0A000.rgba16.png": [32,32,2048,{"jp":[3527344,40960],"us":[3534096,40960],"eu":[3407696,40960],"sh":[3382064,40960]}],
"textures/outside/castle_grounds_textures.0A800.rgba16.png": [32,32,2048,{"jp":[3527344,43008],"us":[3534096,43008],"eu":[3407696,43008],"sh":[3382064,43008]}],
"textures/outside/castle_grounds_textures.0B000.rgba16.png": [16,32,1024,{"jp":[3527344,45056],"us":[3534096,45056],"eu":[3407696,45056],"sh":[3382064,45056]}],
"textures/outside/castle_grounds_textures.0B400.rgba16.png": [32,32,2048,{"jp":[3527344,46080],"us":[3534096,46080],"eu":[3407696,46080],"sh":[3382064,46080]}],
"textures/outside/castle_grounds_textures.0BC00.ia16.png": [32,32,2048,{"jp":[3323408,45056],"us":[3330160,45056],"eu":[3203760,45056],"sh":[3178128,45056]}],

"textures/generic/bob_textures.00000.rgba16.png": [32,32,2048,{"jp":[3323408,0],"us":[3330160,0],"eu":[3203760,0],"sh":[3178128,0]}],
"textures/generic/bob_textures.00800.rgba16.png": [32,32,2048,{"jp":[1327760,36160],"us":[1334928,36160],"eu":[1206896,36160],"sh":[1183408,36160]}],
"textures/generic/bob_textures.01000.rgba16.png": [32,32,2048,{"jp":[3323408,4096],"us":[3330160,4096],"eu":[3203760,4096],"sh":[3178128,4096]}],
"textures/generic/bob_textures.01800.rgba16.png": [32,32,2048,{"jp":[3323408,6144],"us":[3330160,6144],"eu":[3203760,6144],"sh":[3178128,6144]}],
"textures/generic/bob_textures.02000.rgba16.png": [32,32,2048,{"jp":[3323408,8192],"us":[3330160,8192],"eu":[3203760,8192],"sh":[3178128,8192]}],
"textures/generic/bob_textures.02800.rgba16.png": [32,32,2048,{"jp":[3323408,10240],"us":[3330160,10240],"eu":[3203760,10240],"sh":[3178128,10240]}],
"textures/generic/bob_textures.03000.rgba16.png": [32,32,2048,{"jp":[3323408,12288],"us":[3330160,12288],"eu":[3203760,12288],"sh":[3178128,12288]}],
"textures/generic/bob_textures.03800.rgba16.png": [32,32,2048,{"jp":[3323408,14336],"us":[3330160,14336],"eu":[3203760,14336],"sh":[3178128,14336]}],
"textures/generic/bob_textures.04000.rgba16.png": [32,32,2048,{"jp":[3323408,16384],"us":[3330160,16384],"eu":[3203760,16384],"sh":[3178128,16384]}],
"textures/generic/bob_textures.04800.rgba16.png": [32,32,2048,{"jp":[3323408,18432],"us":[3330160,18432],"eu":[3203760,18432],"sh":[3178128,18432]}],
"textures/generic/bob_textures.05000.rgba16.png": [32,32,2048,{"jp":[3323408,20480],"us":[3330160,20480],"eu":[3203760,20480],"sh":[3178128,20480]}],
"textures/generic/bob_textures.05800.rgba16.png": [32,32,2048,{"jp":[3323408,22528],"us":[3330160,22528],"eu":[3203760,22528],"sh":[3178128,22528]}],
"textures/generic/bob_textures.06000.rgba16.png": [32,64,4096,{"jp":[3323408,24576],"us":[3330160,24576],"eu":[3203760,24576],"sh":[3178128,24576]}],
"textures/generic/bob_textures.07000.rgba16.png": [32,32,2048,{"jp":[3323408,28672],"us":[3330160,28672],"eu":[3203760,28672],"sh":[3178128,28672]}],
"textures/generic/bob_textures.07800.rgba16.png": [32,32,2048,{"jp":[3323408,30720],"us":[3330160,30720],"eu":[3203760,30720],"sh":[3178128,30720]}],
"textures/generic/bob_textures.08000.rgba16.png": [32,32,2048,{"jp":[3323408,32768],"us":[3330160,32768],"eu":[3203760,32768],"sh":[3178128,32768]}],
"textures/generic/bob_textures.08800.rgba16.png": [32,32,2048,{"jp":[3323408,34816],"us":[3330160,34816],"eu":[3203760,34816],"sh":[3178128,34816]}],
"textures/generic/bob_textures.09000.rgba16.png": [32,32,2048,{"jp":[3323408,36864],"us":[3330160,36864],"eu":[3203760,36864],"sh":[3178128,36864]}],
"textures/generic/bob_textures.09800.rgba16.png": [32,32,2048,{"jp":[3323408,38912],"us":[3330160,38912],"eu":[3203760,38912],"sh":[3178128,38912]}],
"textures/generic/bob_textures.0A000.rgba16.png": [32,32,2048,{"jp":[3323408,40960],"us":[3330160,40960],"eu":[3203760,40960],"sh":[3178128,40960]}],
"textures/generic/bob_textures.0A800.rgba16.png": [32,32,2048,{"jp":[3323408,43008],"us":[3330160,43008],"eu":[3203760,43008],"sh":[3178128,43008]}],
"textures/generic/bob_textures.0B000.ia16.png": [32,32,2048,{"jp":[3323408,45056],"us":[3330160,45056],"eu":[3203760,45056],"sh":[3178128,45056]}],

"levels/bob/0.rgba16.png": [32,32,2048,{"jp":[4170512,0],"us":[4178608,0],"eu":[4052208,0],"sh":[4026576,0]}],
"levels/bob/1.rgba16.png": [32,32,2048,{"jp":[4170512,2048],"us":[4178608,2048],"eu":[4052208,2048],"sh":[4026576,2048]}],
"levels/bob/2.rgba16.png": [32,32,2048,{"jp":[4170512,4096],"us":[4178608,4096],"eu":[4052208,4096],"sh":[4026576,4096]}],
"levels/bob/3.rgba16.png": [32,32,2048,{"jp":[4170512,6144],"us":[4178608,6144],"eu":[4052208,6144],"sh":[4026576,6144]}],
"levels/bob/4.rgba16.png": [32,32,2048,{"jp":[4170512,8192],"us":[4178608,8192],"eu":[4052208,8192],"sh":[4026576,8192]}],

"textures/segment2/shadow_quarter_circle.ia8.png": [16,16,256,{"jp":[1078992,62040],"us":[1083968,73912],"eu":[909712,30584],"sh":[934640,62040]}],
"textures/segment2/segment2.0F458.ia8.png": [32,64,2048,{"jp":[1078992,62552],"us":[1083968,74424],"eu":[909712,31096],"sh":[934640,62552]}],

"textures/segment2/segment2.11C58.rgba16.png": [32,32,2048,{"jp":[1078992,72792],"us":[1083968,84664],"eu":[909712,41336],"sh":[934640,72792]}],
"textures/segment2/segment2.13C58.rgba16.png": [32,32,2048,{"jp":[1078992,80984],"us":[1083968,92856],"eu":[909712,49528],"sh":[934640,80984]}],

"actors/mario/mario_overalls_button.rgba16.png": [32,32,2048,{"jp":[1125200,4240],"us":[1132368,4240],"eu":[1004336,4240],"sh":[980848,4240]}],
"actors/mario/mario_logo.rgba16.png": [32,32,2048,{"jp":[1125200,6288],"us":[1132368,6288],"eu":[1004336,6288],"sh":[980848,6288]}],
"actors/mario/mario_eyes_center.rgba16.png": [32,32,2048,{"jp":[1125200,12432],"us":[1132368,12432],"eu":[1004336,12432],"sh":[980848,12432]}],
"actors/mario/mario_sideburn.rgba16.png": [32,32,2048,{"jp":[1125200,8336],"us":[1132368,8336],"eu":[1004336,8336],"sh":[980848,8336]}],
"actors/mario/mario_mustache.rgba16.png": [32,32,2048,{"jp":[1125200,10384],"us":[1132368,10384],"eu":[1004336,10384],"sh":[980848,10384]}],
"actors/mario/mario_eyes_half_closed.rgba16.png": [32,32,2048,{"jp":[1125200,14480],"us":[1132368,14480],"eu":[1004336,14480],"sh":[980848,14480]}],
"actors/mario/mario_eyes_closed.rgba16.png": [32,32,2048,{"jp":[1125200,16528],"us":[1132368,16528],"eu":[1004336,16528],"sh":[980848,16528]}],

"textures/skyboxes/water.png": [131392,{"jp":[2796624,0],"us":[2803376,0],"eu":[2676976,0]}]
}